SuspectID,TotalRiskScore
SUS-d89e79,0.6799999999999999
SUS-68faf8,0.26
SUS-a60645,0.45999999999999996
SUS-1e1c09,0.08
SUS-473a3b,0.08
SUS-698a4a,0.28
SUS-e02d42,0.18
SUS-094576,0.75
SUS-936146,0.38000000000000006
SUS-719fcf,0.4800000000000001
SUS-8cb6d7,0.76
SUS-10cc64,0.58
SUS-40537d,0.36
SUS-89adfe,0.34
SUS-733f8d,1.04
SUS-4d15fe,0.22
SUS-cbf242,0.38000000000000006
SUS-5e6f69,0.64
SUS-1ca942,0.4
SUS-45d150,0.72
SUS-1fc3f6,0.14
SUS-13ec68,0.45999999999999996
SUS-fdc31b,0.18
SUS-617a36,0.44000000000000006
SUS-91ffdc,0.14
SUS-600f05,0.58
SUS-54211a,0.24000000000000002
SUS-c0ed10,0.42000000000000004
SUS-de474e,0.76
SUS-26001e,0.76
SUS-f9037d,1.1600000000000001
SUS-a5b96c,0.54
SUS-9b9c98,0.34
SUS-05f68a,0.74
SUS-92cc83,0.24000000000000002
SUS-39d46b,0.26
SUS-ad90e2,0.45999999999999996
SUS-7b6b52,1.03
SUS-5d1041,0.28
SUS-857df2,0.24000000000000002
SUS-2e3609,0.28
SUS-0dad85,0.96
SUS-ce8f97,0.58
SUS-04477c,0.54
SUS-c7c487,0.82
SUS-c9fd5c,0.34
SUS-40a80e,0.22
SUS-368380,0.18
SUS-7bc039,1.06
SUS-e103dc,0.62
SUS-e5bb48,0.38000000000000006
SUS-7217ba,0.44000000000000006
SUS-8f0c3d,0.18
SUS-f85e33,0.16
SUS-fd62f9,0.42000000000000004
SUS-843185,0.34
SUS-923ffd,0.14
SUS-667820,0.56
SUS-cab94e,0.54
SUS-6dbe4d,0.76
SUS-b2dec7,0.92
SUS-2aa6b4,0.62
SUS-354b59,0.34
SUS-b10ae0,0.56
SUS-dddf9b,0.24000000000000002
SUS-2284db,1.06
SUS-0796ee,0.62
SUS-4dd620,0.14
SUS-04c2c0,0.54
SUS-8926bb,0.66
SUS-849967,0.64
SUS-09be29,0.8600000000000001
SUS-e8197f,0.62
SUS-a2faac,0.54
SUS-0a5975,0.24000000000000002
SUS-5c8152,0.5800000000000001
SUS-e2e1dd,0.08
SUS-e6f777,0.45999999999999996
SUS-829b8c,0.34
SUS-2a6a5a,0.42000000000000004
SUS-0a9a49,0.36
SUS-96107b,0.42000000000000004
SUS-55e622,0.66
SUS-57d5bc,0.44000000000000006
SUS-94b52b,0.5800000000000001
SUS-b12bcf,0.52
SUS-547b80,0.66
SUS-c8359a,0.12
SUS-561f94,0.22
SUS-6b02fc,0.38
SUS-e1bae4,0.75
SUS-387442,0.62
SUS-0288c8,0.52
SUS-5689bc,0.86
SUS-1df3ee,0.6799999999999999
SUS-f2052e,0.56
SUS-4a0921,0.34
SUS-f286a3,0.34
SUS-ee175c,0.62
SUS-273e06,0.64
SUS-2b5c2f,0.24000000000000002
SUS-12f7eb,0.26
SUS-f2a07f,0.6300000000000001
SUS-8da899,0.42000000000000004
SUS-f8ffd6,0.52
SUS-1a73fe,0.66
SUS-a88d6f,0.18
SUS-721f78,0.58
SUS-ab251e,1.1
SUS-99b0f5,0.34
SUS-27548a,0.56
SUS-6b9bdc,0.85
SUS-5542f0,0.42000000000000004
SUS-138ae4,0.65
SUS-b81a21,0.42000000000000004
SUS-24ba40,0.48000000000000004
SUS-5863fa,0.6799999999999999
SUS-7a15c3,0.36
SUS-ca9516,0.56
SUS-872765,0.18
SUS-c76baa,0.22
SUS-e2bb21,0.62
SUS-bb4ad3,0.28
SUS-2abc79,1.2200000000000002
SUS-8fc846,0.36
SUS-b6e005,0.34
SUS-fb47da,0.64
SUS-6f7996,0.32
SUS-cf0c0c,0.76
SUS-1740c2,0.56
SUS-518c4a,0.45999999999999996
SUS-bbf185,0.5800000000000001
SUS-a7bfe0,0.54
SUS-8b0d2a,0.73
SUS-59b9fa,0.36
SUS-db2523,0.22
SUS-743dbb,0.35
SUS-aabd76,0.26
SUS-a8e04e,0.72
SUS-239aa4,0.72
SUS-fccf46,0.58
SUS-70d7e9,0.32
SUS-a8dda0,0.42000000000000004
SUS-5a56d8,0.44000000000000006
SUS-c940e4,0.56
SUS-573e6a,0.66
SUS-bac66e,0.5800000000000001
SUS-839ca2,0.66
SUS-5bb799,0.48000000000000004
SUS-116c19,0.34
SUS-af288a,0.58
SUS-a4fd76,0.24000000000000002
SUS-6f19dd,0.56
SUS-be87fd,0.52
SUS-3ce603,0.24000000000000002
SUS-2afdd5,0.14
SUS-6309b1,0.42000000000000004
SUS-4c9060,0.44000000000000006
SUS-db5e81,0.92
SUS-a09f33,0.38
SUS-3adbaa,0.26
SUS-d1e078,0.72
SUS-1a33bb,0.54
SUS-26e52f,0.6
SUS-49d735,0.54
SUS-ada3ea,0.86
SUS-484341,0.56
SUS-7c6fac,1.12
SUS-821aaa,0.86
SUS-91ea4f,0.58
SUS-9cdfbb,0.28
SUS-38c4d2,0.54
SUS-22ac73,1.1600000000000001
SUS-842755,0.66
SUS-a0d5be,0.64
SUS-00e68b,0.4600000000000001
SUS-91ab49,0.22
SUS-20b42f,0.44000000000000006
SUS-3cb659,0.44000000000000006
SUS-453a43,0.18
SUS-c95d26,0.18
SUS-518792,0.56
SUS-9ec3ec,0.32
SUS-8ce017,0.34
SUS-51f30b,0.14
SUS-059030,0.76
SUS-ca86ab,0.52
SUS-6c694c,0.24000000000000002
SUS-632c05,0.26
SUS-515c61,1.26
SUS-9e64bd,0.5599999999999999
SUS-3e75b8,0.56
SUS-7afefe,0.22
SUS-d83200,0.28
SUS-6f30f7,0.38
SUS-b2610a,0.74
SUS-a7fbfc,0.65
SUS-24154a,0.14
SUS-fe2f71,0.58
SUS-463d65,0.16
SUS-2a2f86,0.6799999999999999
SUS-e2f37c,0.8400000000000001
SUS-4ff04d,0.42000000000000004
SUS-138744,1.03
SUS-2b85f6,0.34
SUS-fdded6,0.34
SUS-2331c1,0.85
SUS-fa06c3,0.36
SUS-1413e1,0.4
SUS-3d1948,0.34
SUS-f1985e,0.14
SUS-82838d,0.52
SUS-01300e,0.34
SUS-9f0ee8,0.36
SUS-8e962d,0.28
SUS-3f74f8,0.54
SUS-d4e13e,0.64
SUS-8751b5,0.18
SUS-1ed847,0.42000000000000004
SUS-008678,0.56
SUS-e1d85e,0.5499999999999999
SUS-f23ecd,0.14
SUS-3f58e7,0.62
SUS-acc188,0.76
SUS-ec6681,0.86
SUS-26a511,0.62
SUS-32857d,0.4800000000000001
SUS-b7f2b8,0.58
SUS-d7ed8a,0.22
SUS-1e6493,0.34
SUS-bf2333,0.95
SUS-29afc9,0.54
SUS-1cc424,0.04
SUS-de6ce1,1.02
SUS-ee058a,0.6799999999999999
SUS-6a934e,0.92
SUS-cfc940,0.42000000000000004
SUS-a93a65,0.96
SUS-0a2b00,0.32
SUS-bbf56e,0.62
SUS-3c70fc,0.9600000000000001
SUS-cbb36f,0.58
SUS-aafca0,0.42000000000000004
SUS-29e7ff,0.96
SUS-8883e0,0.63
SUS-f57869,0.72
SUS-f9ec18,0.32
SUS-76b065,0.24000000000000002
SUS-528858,0.45999999999999996
SUS-c22dd3,0.5800000000000001
SUS-6335c0,0.28
SUS-a0f0c6,1.2600000000000002
SUS-eaeacf,0.72
SUS-f37adc,0.04
SUS-e65f84,0.38000000000000006
SUS-f8cc4a,0.44000000000000006
SUS-498b2f,0.32
SUS-6b3b9a,0.76
SUS-cd3cd9,0.48000000000000004
SUS-914a3f,0.16
SUS-930039,0.44000000000000006
SUS-7890c6,0.44000000000000006
SUS-c4b8b4,0.64
SUS-8fac0a,0.44000000000000006
SUS-0d544f,0.52
SUS-a06c3b,0.26
SUS-eef1e1,0.52
SUS-f4e9fd,0.52
SUS-ec32ed,0.62
SUS-5c841d,1.06
SUS-e18c7d,0.88
SUS-6069e9,0.24000000000000002
SUS-2d1db9,0.52
SUS-2185e1,0.72
SUS-a52046,0.58
SUS-649c47,0.52
SUS-4b61f6,0.34
SUS-a0dec5,0.62
SUS-0a3bb2,0.14
SUS-f9562b,0.12
SUS-d7e223,0.04
SUS-7c05d1,0.66
SUS-7e2721,0.9400000000000001
SUS-8aafea,0.14
SUS-f53976,0.32
SUS-b7826a,0.83
SUS-b42405,0.54
SUS-d02a64,0.22
SUS-cb4690,0.53
SUS-14de8f,1.04
SUS-72226a,0.44000000000000006
SUS-336836,0.54
SUS-2043e9,0.26
SUS-7513e4,0.54
SUS-220497,0.04
SUS-c6484d,0.96
SUS-0a5e62,0.08
SUS-89f2da,0.26
SUS-b1d34c,0.76
SUS-406f00,0.22
SUS-a09c66,0.45999999999999996
SUS-6a6013,0.54
SUS-12706b,0.44000000000000006
SUS-89da1b,0.44000000000000006
SUS-2d790b,0.66
SUS-462cba,0.36
SUS-7720ab,0.22
SUS-addffe,0.62
SUS-f0ae7d,0.9600000000000001
SUS-36ef51,0.33
SUS-cf9cdb,0.74
SUS-aa49c0,0.44
SUS-ba7d55,0.72
SUS-bfe42f,0.5800000000000001
SUS-a848f7,0.26
SUS-54b115,0.32
SUS-75cce8,1.12
SUS-126121,0.58
SUS-31146f,1.02
SUS-ce949c,1.12
SUS-86b0f5,0.76
SUS-9d86f3,0.28
SUS-6fef55,0.34
SUS-95c1fd,0.36
SUS-cedb83,0.44000000000000006
SUS-1a8a19,0.74
SUS-267309,0.74
SUS-9be538,0.26
SUS-ff2533,0.52
SUS-364cd5,0.66
SUS-b8cb92,0.45999999999999996
SUS-abe4c3,0.86
SUS-8e1121,0.44000000000000006
SUS-0e44fc,0.34
SUS-8fdc5a,0.76
SUS-629ee6,0.28
SUS-0b25ce,0.74
SUS-d39da7,0.18
SUS-60c92c,0.44999999999999996
SUS-e9b0dc,0.28
SUS-7b0ccc,0.5599999999999999
SUS-66451e,1.32
SUS-fd8b51,0.26
SUS-0363f1,0.36
SUS-2cb537,0.75
SUS-2dd94d,0.44000000000000006
SUS-efe3d1,0.32
SUS-d2537e,0.54
SUS-c0a879,0.58
SUS-d8b3d2,0.44000000000000006
SUS-a7725f,0.72
SUS-c1a01a,0.44000000000000006
SUS-90ca6b,0.54
SUS-c13e74,1.1600000000000001
SUS-49d9e4,0.62
SUS-5f2f33,1.13
SUS-ddf756,0.38000000000000006
SUS-d0fcb7,0.5800000000000001
SUS-e5c8d6,0.8
SUS-c51257,0.42000000000000004
SUS-4eb1fa,0.24000000000000002
SUS-52a122,0.8200000000000001
SUS-3959b5,0.9400000000000001
SUS-2a7133,0.64
SUS-d6bc77,0.44000000000000006
SUS-b5f2ee,0.64
SUS-0c7a9a,0.4600000000000001
SUS-8a299e,0.76
SUS-b7b12a,1.13
SUS-c32bbd,0.93
SUS-b1d213,0.24000000000000002
SUS-c8b539,0.42000000000000004
SUS-2542be,0.66
SUS-52dce7,0.4800000000000001
SUS-083b44,0.5800000000000001
SUS-64a444,0.62
SUS-3eb2dd,0.64
SUS-f4750b,0.18
SUS-2546d0,0.86
SUS-fb1448,0.42000000000000004
SUS-49109a,0.54
SUS-a172f5,1.2600000000000002
SUS-68b5e2,0.9400000000000001
SUS-77e1cb,0.66
SUS-085724,0.18
SUS-5b1ffe,0.34
SUS-14e4c7,0.38
SUS-a97d13,1.02
SUS-da7b92,0.32
SUS-72426f,0.18
SUS-1122d4,0.22
SUS-782c8e,0.5800000000000001
SUS-35a149,0.42000000000000004
SUS-f19ef7,0.22
SUS-f5e659,0.44000000000000006
SUS-f278bc,0.66
SUS-854a29,0.16
SUS-075e9e,0.54
SUS-2499c2,0.14
SUS-48946b,0.4600000000000001
SUS-871cff,0.53
SUS-a3197b,0.36
SUS-f61107,0.5800000000000001
SUS-b956af,0.34
SUS-36ec9c,0.44
SUS-23822a,0.66
SUS-cd8992,0.18
SUS-71fd66,0.62
SUS-d7a5d3,0.62
SUS-b4b23d,0.56
SUS-6eeb94,0.86
SUS-aed7e9,0.76
SUS-5a946d,0.34
SUS-dde563,0.24000000000000002
SUS-245c46,0.18
SUS-6e05e1,0.44999999999999996
SUS-bea796,0.18
SUS-d76b00,0.54
SUS-b6272e,0.76
SUS-2d6e3e,0.45999999999999996
SUS-bd9b3b,0.58
SUS-25f4b9,0.18
SUS-f54900,0.12
SUS-5701aa,0.44
SUS-0cbd9b,0.36
SUS-208fc6,0.42000000000000004
SUS-f3fc4b,0.28
SUS-7a7a51,0.32
SUS-7237c5,0.76
SUS-0613a8,0.14
SUS-249b18,0.34
SUS-283741,0.38
SUS-55d5ff,0.32
SUS-5eed42,0.45999999999999996
SUS-162f75,0.76
SUS-987584,0.86
SUS-9c26dc,1.06
SUS-a22ec9,0.14
SUS-868e85,0.76
SUS-738392,0.54
SUS-ac0d8f,0.24000000000000002
SUS-32e28a,0.66
SUS-3b4f38,0.62
SUS-ecf4e4,0.6799999999999999
SUS-4f56ae,0.14
SUS-4c679d,0.64
SUS-402349,0.66
SUS-153176,0.28
SUS-b44f44,0.72
SUS-497311,0.24000000000000002
SUS-a8923e,0.4600000000000001
SUS-68840f,0.14
SUS-e1bdaf,0.54
SUS-96e104,0.43000000000000005
SUS-a4744d,1.02
SUS-c83840,0.08
SUS-8fcd97,0.28
SUS-4eb313,0.62
SUS-cc33c5,0.24000000000000002
SUS-e020ef,1.02
SUS-559cd2,0.26
SUS-b8a88d,0.8300000000000001
SUS-65f786,0.74
SUS-e9b148,1.12
SUS-683d0d,0.38000000000000006
SUS-7482bf,0.24000000000000002
SUS-3b327a,0.48000000000000004
SUS-507249,0.36
SUS-e59b38,0.72
SUS-7a06de,0.32
SUS-681de0,0.92
SUS-c9199b,0.9600000000000001
SUS-1a9de0,0.14
SUS-e126be,0.56
SUS-df8c84,0.26
SUS-53d2ce,0.82
SUS-0d8db0,0.64
SUS-056d77,0.56
SUS-e19726,0.16
SUS-84f882,0.22
SUS-616f5a,0.28
SUS-2a7c99,1.23
SUS-1ccee1,0.74
SUS-2fd2da,1.02
SUS-327aac,0.14
SUS-48bb16,0.72
SUS-bf73e4,0.54
SUS-e738cf,0.44000000000000006
SUS-83fe17,0.24000000000000002
SUS-433ea1,1.02
SUS-b1e0b7,0.4600000000000001
SUS-06716e,0.62
SUS-9f9dc3,0.44999999999999996
SUS-e04e95,0.65
SUS-4e43bd,0.96
SUS-4aac52,0.14
SUS-62d395,0.42000000000000004
SUS-55ab45,0.76
SUS-6b1f43,0.38000000000000006
SUS-70217e,0.22
SUS-d9da0b,0.28
SUS-1dd7dc,0.34
SUS-f173e3,0.38
SUS-0f9f95,0.14
SUS-aa1af2,0.14
SUS-a36fa5,0.66
SUS-8a0924,0.36
SUS-f52440,0.24000000000000002
SUS-ca8a22,1.12
SUS-6057a6,1.1600000000000001
SUS-e488e5,0.76
SUS-717068,0.86
SUS-0f6c31,0.42000000000000004
SUS-1202a7,0.66
SUS-3ae109,0.45999999999999996
SUS-6693d3,1.1600000000000001
SUS-92ad14,0.26
SUS-605841,0.44000000000000006
SUS-f2fe21,0.62
SUS-da7dce,0.66
SUS-b4b768,0.28
SUS-a185fd,0.52
SUS-201ee4,0.22
SUS-01b9e0,0.26
SUS-561741,0.96
SUS-1850d8,0.73
SUS-dca652,0.62
SUS-024af2,0.43000000000000005
SUS-f348b1,0.18
SUS-24818f,0.26
SUS-22952b,1.2600000000000002
SUS-b2ab5b,0.65
SUS-69366c,0.54
SUS-eca54d,0.36
SUS-1e79ed,1.36
SUS-54e095,0.28
SUS-4d8309,0.54
SUS-f374c2,1.23
SUS-20cd4c,0.72
SUS-ad4e9c,0.32
SUS-930627,0.66
SUS-12dbc4,0.16
SUS-b65dd7,0.12
SUS-906c94,0.08
SUS-b87498,0.93
SUS-f55b0d,0.14
SUS-f95d4e,0.18
SUS-799e6e,0.42000000000000004
SUS-88dc4d,0.4800000000000001
SUS-3a933c,0.66
SUS-6ebda6,0.74
SUS-f160ed,0.74
SUS-f4d95d,0.12
SUS-8cc0c8,0.66
SUS-d94877,0.66
SUS-0b252d,0.22
SUS-8c2eeb,0.62
SUS-250192,0.32
SUS-8c069a,0.34
SUS-5c1908,0.62
SUS-e31474,0.56
SUS-e7e2d5,0.42000000000000004
SUS-5f4c68,0.76
SUS-1c8783,1.1600000000000001
SUS-7d7dc0,0.26
SUS-e885c9,0.72
SUS-721cf8,0.72
SUS-fff69f,0.34
SUS-e87aa5,0.14
SUS-c78eff,0.16
SUS-3d8a1b,0.34
SUS-aa8de1,0.65
SUS-7c99fb,0.76
SUS-debb80,0.76
SUS-d337ad,0.62
SUS-dcf693,0.18
SUS-2f731e,0.34
SUS-a2807b,0.28
SUS-861d66,0.86
SUS-1e32ce,1.1600000000000001
SUS-4af468,0.76
SUS-6e0c21,0.75
SUS-eb7e10,0.58
SUS-15a5c1,0.62
SUS-48d33e,1.02
SUS-47c6a9,1.1
SUS-19566a,0.9600000000000001
SUS-e16332,0.26
SUS-b5a0ad,0.45999999999999996
SUS-85f665,0.54
SUS-1e41df,0.18
SUS-d04df4,0.38000000000000006
SUS-74cd23,0.52
SUS-29c863,0.28
SUS-6effcc,0.36
SUS-3a8ccf,0.93
SUS-403cb9,0.45999999999999996
SUS-ae2585,0.54
SUS-58cbfd,0.26
SUS-f937c0,0.8
SUS-9a469e,0.32
SUS-7149b9,0.08
SUS-c4c2f7,1.36
SUS-77e173,0.72
SUS-129eac,0.72
SUS-6ba5e7,0.24000000000000002
SUS-ef53d0,0.34
SUS-846080,0.54
SUS-eef244,0.72
SUS-089bbb,0.56
SUS-69659f,0.54
SUS-de7684,0.28
SUS-7a98b0,0.44000000000000006
SUS-f5c119,0.6799999999999999
SUS-f20a03,0.54
SUS-5d5b18,0.36
SUS-ffbbac,0.36
SUS-760fc8,1.1
SUS-efd7e0,0.72
SUS-60ad57,0.24000000000000002
SUS-367c20,0.45999999999999996
SUS-2c0041,0.76
SUS-2b9f35,1.2000000000000002
SUS-67cd1d,0.32
SUS-86a23d,0.36
SUS-770405,0.38
SUS-779c87,0.28
SUS-ee316e,0.58
SUS-8b1304,0.64
SUS-725aa6,0.48000000000000004
SUS-669482,0.34
SUS-5bb86e,0.72
SUS-34896f,0.4600000000000001
SUS-712657,0.38000000000000006
SUS-c0cc6a,0.38000000000000006
SUS-63bd87,0.36
SUS-2bb4b1,0.26
SUS-f09533,0.66
SUS-40e0de,0.76
SUS-e0cf2a,0.04
SUS-0c34ec,0.24000000000000002
SUS-f22818,0.86
SUS-af0f6f,0.44999999999999996
SUS-22e9a8,0.26
SUS-3a1ea3,0.66
SUS-5afb64,0.34
SUS-bdd0d0,0.16
SUS-be7d94,1.2200000000000002
SUS-a753d5,0.22
SUS-dfc0f0,0.26
SUS-dcfab3,0.4600000000000001
SUS-721f17,0.63
SUS-e64c2d,0.14
SUS-9f2f3a,0.62
SUS-1fbe2d,0.66
SUS-364d36,0.72
SUS-667e99,0.9600000000000001
SUS-c40673,0.26
SUS-a9b565,0.6799999999999999
SUS-4ed2f1,0.86
SUS-e15fed,1.1600000000000001
SUS-0edb9a,0.64
SUS-53b556,0.04
SUS-610412,0.28
SUS-100d9e,0.62
SUS-69716b,0.26
SUS-24f2cd,0.58
SUS-545912,1.0
SUS-dc651b,0.48000000000000004
SUS-eb7df2,0.24000000000000002
SUS-e0b3d0,0.36
SUS-47f261,0.5800000000000001
SUS-de14cd,0.18
SUS-106860,0.52
SUS-9f6e06,0.45999999999999996
SUS-bf715c,0.4600000000000001
SUS-51afe8,0.36
SUS-f74848,0.22
SUS-f52244,1.02
SUS-535bc1,0.42000000000000004
SUS-2a8bbf,1.1400000000000001
SUS-36817d,0.42000000000000004
SUS-0d9359,0.38
SUS-c61608,1.1600000000000001
SUS-38e474,0.08
SUS-2095ee,0.4600000000000001
SUS-6d56e2,0.04
SUS-cd805e,0.44999999999999996
SUS-4b727d,0.86
SUS-b5b6bb,0.66
SUS-3ed5ee,0.66
SUS-c8bce6,0.24000000000000002
SUS-96bc72,0.45999999999999996
SUS-5c7ad9,0.62
SUS-1941a3,0.96
SUS-373c24,0.18
SUS-22821e,0.24000000000000002
SUS-c90bfc,0.45999999999999996
SUS-dee563,0.76
SUS-a20dfb,0.22
SUS-73135b,0.42000000000000004
SUS-e193a3,0.56
SUS-a81f52,0.08
SUS-c86fa5,0.24000000000000002
SUS-f39880,0.6799999999999999
SUS-0f26d0,0.08
SUS-279a29,0.32
SUS-a4924b,0.12
SUS-a1ec01,0.4800000000000001
SUS-20b128,0.34
SUS-1f6c78,1.23
SUS-817907,0.44000000000000006
SUS-164db1,1.02
SUS-d49e9b,0.53
SUS-92f6f6,0.66
SUS-20cb4e,0.4800000000000001
SUS-07d182,0.9600000000000001
SUS-246f11,0.5800000000000001
SUS-955423,0.66
SUS-4155f2,0.14
SUS-d2a225,0.22
SUS-85c051,0.08
SUS-07dccf,0.6799999999999999
SUS-9b0cc5,0.64
SUS-160dac,0.24000000000000002
SUS-3f0f31,0.54
SUS-ae02d7,0.64
SUS-b2b580,0.5599999999999999
SUS-c93da5,0.56
SUS-53d619,0.4600000000000001
SUS-4ba0d2,0.24000000000000002
SUS-e2731a,0.16
SUS-8bfda0,0.58
SUS-e29a59,0.66
SUS-134fb0,0.04
SUS-832155,0.28
SUS-426899,0.42000000000000004
SUS-887734,0.24000000000000002
SUS-10bf37,0.44999999999999996
SUS-bf698c,0.54
SUS-d67ae5,0.28
SUS-36a890,0.72
SUS-ccc424,0.45999999999999996
SUS-4bc92c,0.54
SUS-9c36d8,0.96
SUS-82c876,0.12
SUS-f61f61,0.66
SUS-5bdfa8,0.73
SUS-6de43d,0.48000000000000004
SUS-73402f,0.16
SUS-5d0049,0.32
SUS-f77180,0.76
SUS-826650,0.44000000000000006
SUS-577e6b,0.18
SUS-c0e80d,0.36
SUS-8d8815,0.52
SUS-03d819,0.34
SUS-bef70d,0.32
SUS-ec6049,0.18
SUS-2690e0,0.64
SUS-ecad65,0.18
SUS-767066,0.72
SUS-5d4f36,0.14
SUS-c2b212,0.24000000000000002
SUS-f3672b,0.6799999999999999
SUS-ca1446,0.34
SUS-b59221,0.64
SUS-0ecc95,0.44000000000000006
SUS-af8969,0.62
SUS-04de09,0.6799999999999999
SUS-513286,0.34
SUS-d8291b,0.52
SUS-66a4f3,0.36
SUS-9b584e,0.45999999999999996
SUS-9f75d3,0.62
SUS-fc3b0a,0.32
SUS-94423d,0.56
SUS-85f909,0.5800000000000001
SUS-c48c19,0.44999999999999996
SUS-8a3863,0.76
SUS-520994,0.32
SUS-1f7f95,0.34
SUS-87ffca,0.34
SUS-95636f,0.18
SUS-5c83ab,1.06
SUS-4a2272,0.32
SUS-3e2063,0.24000000000000002
SUS-4d907c,0.34
SUS-c9fbc9,0.14
SUS-8ae56f,1.04
SUS-ac0a09,0.22
SUS-458314,0.26
SUS-5049a2,0.22
SUS-d677a3,0.74
SUS-74544d,0.66
SUS-d12903,1.2600000000000002
SUS-d702eb,1.26
SUS-eab3b7,0.32
SUS-432c38,0.24000000000000002
SUS-84858a,0.22
SUS-53e8ae,0.92
SUS-9b35be,0.4600000000000001
SUS-d30cee,0.96
SUS-d19a83,0.28
SUS-eea27b,0.36
SUS-080973,0.44999999999999996
SUS-91cc13,0.54
SUS-187c08,0.86
SUS-f67f87,0.65
SUS-97a4ab,0.18
SUS-790f40,0.9
SUS-8932fd,0.54
SUS-df7263,1.06
SUS-a5ab0c,0.35
SUS-6556d1,1.26
SUS-1ecb51,0.44000000000000006
SUS-56c37d,0.96
SUS-874c73,0.64
SUS-9046c2,0.62
SUS-1ec013,0.72
SUS-27202f,0.5599999999999999
SUS-eba208,0.32
SUS-28cd08,0.62
SUS-a91aff,0.62
SUS-1ead7c,0.62
SUS-41e74a,0.44
SUS-59f4ba,0.42000000000000004
SUS-3c6ef5,0.22
SUS-59846b,0.26
SUS-c91253,0.52
SUS-1494aa,0.73
SUS-e055af,0.56
SUS-0d26fb,0.16
SUS-74e959,0.18
SUS-fe0ae0,0.28
SUS-c43d18,0.66
SUS-eb23ef,0.62
SUS-75fcb2,0.74
SUS-a5d4a7,0.54
SUS-8910b8,0.9400000000000001
SUS-77f61f,0.16
SUS-a6dcf1,0.6799999999999999
SUS-c80856,0.18
SUS-dc4272,0.42000000000000004
SUS-8a3545,0.86
SUS-5f35d3,0.74
SUS-f41eef,0.4800000000000001
SUS-069ba0,0.66
SUS-234365,0.28
SUS-220325,0.9600000000000001
SUS-cbdae2,0.22
SUS-1f2e9a,0.14
SUS-edcb22,0.24000000000000002
SUS-972360,0.22
SUS-f9ee8b,1.06
SUS-98feed,0.34
SUS-e41cc1,0.24000000000000002
SUS-0347f6,0.38000000000000006
SUS-2d7739,0.22
SUS-27eec0,0.26
SUS-d221a4,0.26
SUS-655cd2,0.84
SUS-937e11,0.96
SUS-80b26e,0.8200000000000001
SUS-7e1764,0.44000000000000006
SUS-4cea3a,0.22
SUS-ce626e,0.34
SUS-903359,0.75
SUS-5fb1e2,0.32
SUS-2b3cb5,0.44000000000000006
SUS-99a285,0.72
SUS-9de7f8,0.04
SUS-c20c39,1.12
SUS-c0f845,0.64
SUS-ab4810,0.34
SUS-d3e547,0.28
SUS-90c0b3,0.5800000000000001
SUS-ee83a4,0.22
SUS-b5f2bc,0.16
SUS-19fa25,0.16
SUS-886331,0.24000000000000002
SUS-209897,0.54
SUS-557f71,0.18
SUS-8ebab6,0.34
SUS-970032,0.26
SUS-d79077,0.24000000000000002
SUS-35d253,0.8600000000000001
SUS-7b6354,0.18
SUS-09762b,0.66
SUS-d22517,0.38
SUS-836941,0.64
SUS-f626fe,0.86
SUS-3ffa2e,0.4800000000000001
SUS-643af3,0.74
SUS-802e63,0.58
SUS-1de8ac,1.12
SUS-5f6405,0.54
SUS-132977,0.48000000000000004
SUS-87e7bd,0.76
SUS-251478,0.08
SUS-8b095c,0.45999999999999996
SUS-52acbf,0.76
SUS-1fae64,0.86
SUS-18c10f,0.45999999999999996
SUS-a5008f,0.54
SUS-c35acb,1.02
SUS-f05061,1.23
SUS-8ff725,0.74
SUS-478985,0.42000000000000004
SUS-b64a5c,0.32
SUS-9c6935,1.03
SUS-e8d807,0.24000000000000002
SUS-472d38,0.86
SUS-8769a9,0.76
SUS-dde8d0,0.56
SUS-c53d74,0.18
SUS-e4f217,0.76
SUS-56b224,0.48000000000000004
SUS-0083e6,0.38000000000000006
SUS-c72f1e,0.32
SUS-c70d32,0.66
SUS-8e3576,0.64
SUS-e93abc,0.24000000000000002
SUS-ac5310,0.53
SUS-b200d2,0.28
SUS-a5e7a9,0.12
SUS-3d7210,1.32
SUS-9b75d5,0.04
SUS-199657,0.26
SUS-1cea3d,0.54
SUS-a59dbd,0.36
SUS-cf3df0,0.66
SUS-1906b6,0.4600000000000001
SUS-5f7627,0.24000000000000002
SUS-d53cc4,0.86
SUS-16ca15,0.34
SUS-eb538d,0.32
SUS-3133fb,0.5800000000000001
SUS-2f3b41,0.7300000000000001
SUS-db36ec,0.86
SUS-da9d5a,1.0
SUS-0dbd0a,0.38000000000000006
SUS-f0c5eb,0.24000000000000002
SUS-52a50a,0.53
SUS-957ca5,0.18
SUS-20e377,0.62
SUS-5a230e,0.45999999999999996
SUS-3874b6,0.38
SUS-7973bd,0.08
SUS-fbd2b7,0.54
SUS-fd022d,0.52
SUS-ece6ca,0.18
SUS-78ad63,0.44
SUS-97c906,0.85
SUS-707030,0.56
SUS-811f9b,0.56
SUS-6afae8,0.08
SUS-7c04ed,0.36
SUS-508166,0.04
SUS-0b7c62,0.24000000000000002
SUS-21f9e4,0.86
SUS-c609b1,0.38000000000000006
SUS-32a9ea,0.52
SUS-24f1d1,0.96
SUS-651232,0.6799999999999999
SUS-c2f5ac,0.38000000000000006
SUS-8fe38e,0.96
SUS-8aa0d5,0.22
SUS-6d2ef2,0.34
SUS-d6a751,0.34
SUS-c88fc0,0.28
SUS-69695d,0.42000000000000004
SUS-57cbba,0.56
SUS-ec1b4f,0.34
SUS-346ac6,0.24000000000000002
SUS-2eb5b0,0.36
SUS-2a799b,0.72
SUS-5c908b,0.44
SUS-0bad09,0.28
SUS-320f07,0.6799999999999999
SUS-6ce3c0,0.22
SUS-62e9e0,0.12
SUS-655376,0.48000000000000004
SUS-b274ad,0.83
SUS-3523be,0.36
SUS-13b002,0.36
SUS-7271a3,1.06
SUS-7cb9d7,0.48000000000000004
SUS-858a16,0.26
SUS-cecb12,0.22
SUS-7a95db,0.62
SUS-fd1c7e,0.56
SUS-96b3c0,0.26
SUS-2fa894,0.64
SUS-c753c9,0.32
SUS-780833,0.32
SUS-511ffa,0.14
SUS-9e6fea,0.22
SUS-058f04,0.36
SUS-a71f55,0.26
